id;amount;payment_date;status;qr_code_url;transaction_id
1;19561.54;2025-11-03T08:29:03;lovable;below till;whenever baseboard tempting
2;4207.4;2025-11-03T11:22:22;gadzooks sour whenever;hungrily fixed including;what term dual
3;14322.77;2025-11-04T01:57:39;defrag schedule;meanwhile zowie;frenetically oof manage
4;27201.11;2025-11-04T07:16:24;libel;meanwhile;smuggle rough
5;25252.58;2025-11-03T09:00:08;forenenst case mmm;nor teeming;kindheartedly amidst phew
6;26162.18;2025-11-04T00:31:23;gee;atop unto;phooey
7;30195.01;2025-11-04T03:53:49;SUV;furthermore;folklore
8;11283.32;2025-11-03T17:04:25;gloomy experienced;psst generously honestly;excluding
9;28839.91;2025-11-03T14:27:50;through;yowza sans;unless tedious
10;7812.32;2025-11-04T00:34:24;along finally merrily;pro likewise;cheerful wearily
